...1,description,category,amount,time,source,title
1,Teklist,transaction,-1506,2020-04-27 00:37:31,upfront_national,viagem
2,Babbleblab,transaction,24952,2020-08-30 19:35:46,upfront_international,viagem
3,Photojam,transaction,793,2021-11-01 15:36:26,upfront_national,viagem
4,Rhyloo,transaction,19397,2020-01-26 17:36:26,upfront_national,supermercado
5,Feedmix,transaction,42744,2021-09-16 01:49:23,upfront_international,outros
6,Mita,transaction,16357,2018-12-27 16:23:19,upfront_international,supermercado
7,Eazzy,transaction,23137,2019-04-23 13:04:53,upfront_national,educação
8,Vitz,transaction,-3362,2019-10-04 08:25:50,upfront_national,saúde
9,Gigabox,transaction,43138,2018-09-16 12:00:59,upfront_national,educação
10,Skimia,transaction,48130,2018-12-28 11:00:39,upfront_national,educação
11,Zoomcast,transaction,35610,2022-02-02 02:57:21,upfront_national,lazer
12,Einti,transaction,1640,2018-09-18 01:38:57,upfront_international,vestuario
13,Skaboo,transaction,26033,2020-10-17 22:07:15,upfront_international,alimentação
14,Divape,transaction,9322,2020-01-25 00:18:06,upfront_international,outros
15,Bubbletube,transaction,27064,2018-07-14 05:47:11,upfront_national,saúde
16,Mita,transaction,37308,2021-03-18 02:49:47,upfront_international,outros
17,Centizu,transaction,40873,2018-07-09 18:31:48,upfront_national,supermercado
18,Buzzdog,transaction,33652,2021-08-17 01:47:55,upfront_international,supermercado
19,Lazz,transaction,15055,2019-10-18 13:40:14,upfront_national,transporte
20,Tagcat,transaction,23404,2019-08-23 20:00:27,upfront_international,vestuario
21,Meezzy,transaction,18249,2018-04-22 16:46:00,upfront_national,viagem
22,Yacero,transaction,8018,2019-08-05 13:11:07,upfront_national,lazer
23,Jabbertype,transaction,32855,2021-09-02 05:39:27,upfront_international,outros
24,Skipfire,transaction,16509,2021-03-01 08:43:51,upfront_international,viagem
25,Meevee,transaction,32100,2021-01-13 23:26:18,upfront_national,alimentação
26,Kwimbee,transaction,16820,2018-12-04 17:51:48,upfront_national,transporte
27,Skipfire,transaction,-2130,2021-05-02 00:08:40,upfront_international,saúde
28,Flashdog,transaction,4812,2019-02-18 15:14:29,upfront_international,alimentação
29,Wordpedia,transaction,3901,2018-01-18 16:22:11,upfront_national,educação
30,Wikido,transaction,44267,2022-01-10 18:19:30,upfront_international,transporte
31,Wikizz,transaction,26760,2018-08-14 16:37:04,upfront_international,casa
32,Divavu,transaction,19052,2019-08-23 22:11:24,upfront_international,supermercado
33,Brainbox,transaction,16872,2019-07-11 22:24:30,upfront_international,saúde
34,Zooxo,transaction,4607,2020-04-27 03:44:46,upfront_national,lazer
35,Browsebug,transaction,19882,2021-01-10 23:44:00,upfront_international,supermercado
36,Cogibox,transaction,16592,2021-05-20 04:00:44,upfront_international,supermercado
37,Divape,transaction,6306,2019-10-13 15:39:39,upfront_international,alimentação
38,Mynte,transaction,6509,2019-01-16 00:21:22,upfront_international,viagem
39,Meemm,transaction,15436,2018-05-17 13:51:30,upfront_national,alimentação
40,Voolith,transaction,53593,2018-02-08 05:41:29,upfront_national,supermercado
41,Janyx,transaction,47251,2018-11-13 11:55:21,upfront_national,transporte
42,Yombu,transaction,14526,2019-02-16 05:02:21,upfront_national,lazer
43,Photospace,transaction,-204,2020-01-20 12:10:57,upfront_international,vestuario
44,Yacero,transaction,15164,2020-09-25 06:25:46,upfront_national,saúde
45,Bubblemix,transaction,30095,2021-09-16 12:52:26,upfront_national,casa
46,Lazzy,transaction,-4633,2019-12-29 16:51:39,upfront_national,viagem
47,Trunyx,transaction,30683,2020-09-22 03:32:28,upfront_national,alimentação
48,Wordtune,transaction,11884,2018-07-18 22:00:47,upfront_national,alimentação
49,Realmix,transaction,18383,2018-03-30 17:39:19,upfront_international,transporte
50,Wikibox,transaction,2652,2018-12-28 08:29:16,upfront_international,vestuario
51,Gevee,transaction,32380,2020-04-05 09:34:18,upfront_international,outros
52,Kayveo,transaction,22001,2020-04-18 14:06:20,upfront_national,lazer
53,Skippad,transaction,4537,2018-12-21 20:24:27,upfront_international,alimentação
54,Thoughtblab,transaction,30174,2018-06-07 15:46:42,upfront_national,casa
55,Yacero,transaction,24944,2020-10-18 10:44:36,upfront_international,supermercado
56,Trilia,transaction,18904,2018-05-18 08:16:49,upfront_national,outros
57,Feedfire,transaction,45326,2021-02-07 23:05:45,upfront_national,saúde
58,Blogpad,transaction,48659,2021-02-28 20:59:14,upfront_international,transporte
59,Ozu,transaction,42603,2018-05-09 06:06:46,upfront_international,casa
60,Skynoodle,transaction,11725,2020-12-29 11:07:35,upfront_international,outros
61,Jabbertype,transaction,10608,2020-05-21 03:59:10,upfront_national,vestuario
62,Meeveo,transaction,17144,2021-10-16 20:25:33,upfront_international,viagem
63,Agivu,transaction,-15049,2019-10-09 04:12:46,upfront_international,outros
64,Fadeo,transaction,4790,2020-11-17 05:17:46,upfront_international,vestuario
65,Shuffletag,transaction,11937,2018-12-25 16:32:29,upfront_national,transporte
66,Realmix,transaction,29936,2018-09-17 17:16:19,upfront_international,alimentação
67,Devify,transaction,867,2020-07-12 07:18:21,upfront_international,viagem
68,Voonte,transaction,-8491,2019-07-05 14:42:06,upfront_international,viagem
69,Eire,transaction,18149,2020-06-16 09:34:13,upfront_national,casa
70,Yakitri,transaction,3950,2020-11-27 13:42:29,upfront_international,transporte
71,Voonix,transaction,8363,2019-03-18 05:35:59,upfront_international,alimentação
72,Myworks,transaction,6640,2021-04-18 21:38:37,upfront_national,lazer
73,Aivee,transaction,30345,2022-02-03 06:18:49,upfront_national,alimentação
74,Rhycero,transaction,17574,2020-05-30 19:12:50,upfront_international,outros
75,Agivu,transaction,31411,2019-09-25 14:14:31,upfront_national,supermercado
76,Fivespan,transaction,44386,2020-04-10 09:28:46,upfront_international,transporte
77,Ailane,transaction,18783,2021-11-08 10:37:54,upfront_international,vestuario
78,Jazzy,transaction,14257,2020-01-06 23:39:48,upfront_national,educação
79,Rhybox,transaction,43955,2020-12-04 19:05:41,upfront_international,vestuario
80,Wordware,transaction,5159,2020-07-10 12:44:34,upfront_national,vestuario
81,Jayo,transaction,23191,2019-08-12 03:35:03,upfront_international,transporte
82,Twiyo,transaction,14462,2020-07-07 05:34:31,upfront_national,vestuario
83,Flashspan,transaction,1892,2019-01-11 05:01:08,upfront_national,supermercado
84,Wordware,transaction,33247,2020-09-13 05:01:50,upfront_international,alimentação
85,Kwilith,transaction,15153,2019-05-20 02:48:49,upfront_national,vestuario
86,Voonder,transaction,20107,2020-01-20 08:01:57,upfront_international,saúde
87,Gabspot,transaction,11438,2021-04-01 20:35:13,upfront_international,alimentação
88,Skinder,transaction,33968,2019-11-06 10:12:06,upfront_national,lazer
89,Feedmix,transaction,18670,2020-02-03 02:13:25,upfront_national,transporte
90,Skyba,transaction,-13187,2021-01-28 08:31:22,upfront_international,viagem
91,Pixope,transaction,-1410,2020-01-19 10:45:41,upfront_national,vestuario
92,Divanoodle,transaction,42278,2018-03-23 09:49:29,upfront_national,alimentação
93,Kwideo,transaction,3321,2021-06-21 05:56:41,upfront_international,transporte
94,Innojam,transaction,22732,2021-08-08 16:28:52,upfront_national,vestuario
95,Oyoyo,transaction,25075,2018-08-10 23:50:39,upfront_international,lazer
96,Jabbertype,transaction,15593,2020-04-04 01:32:03,upfront_international,saúde
97,Realcube,transaction,1892,2019-02-22 06:49:07,upfront_international,educação
98,Livetube,transaction,6046,2020-02-07 06:55:04,upfront_national,viagem
99,Centimia,transaction,1298,2020-08-18 18:26:19,upfront_national,vestuario
100,Wikivu,transaction,30350,2020-10-09 00:51:22,upfront_national,alimentação
101,Jabbersphere,transaction,8084,2019-05-05 11:07:54,upfront_national,alimentação
102,Avamba,transaction,44932,2021-05-26 00:35:06,upfront_international,lazer
103,Bubblemix,transaction,31931,2019-12-21 10:44:14,upfront_international,outros
104,Dabshots,transaction,45086,2018-07-29 14:30:30,upfront_international,lazer
105,Trilith,transaction,-14992,2021-11-13 17:03:27,upfront_national,lazer
106,Twiyo,transaction,17806,2018-07-24 02:21:47,upfront_international,educação
107,Rhynyx,transaction,44280,2020-12-26 15:33:39,upfront_international,outros
108,Reallinks,transaction,10292,2022-01-06 18:04:20,upfront_national,lazer
109,Lajo,transaction,18474,2019-11-12 19:09:24,upfront_national,educação
110,Avamm,transaction,50872,2021-09-13 05:49:55,upfront_international,casa
111,Thoughtbeat,transaction,28825,2020-06-13 21:25:21,upfront_international,lazer
112,Divavu,transaction,34643,2018-10-10 16:57:04,upfront_international,casa
113,Zoomlounge,transaction,-6320,2019-06-25 06:29:46,upfront_national,alimentação
114,Janyx,transaction,4910,2018-11-18 22:31:39,upfront_national,lazer
115,Tekfly,transaction,4544,2020-03-28 14:24:27,upfront_national,vestuario
116,Quire,transaction,34618,2019-03-16 19:00:48,upfront_international,lazer
117,Demizz,transaction,22792,2018-07-31 00:53:46,upfront_international,lazer
118,Ailane,transaction,16251,2021-03-29 14:29:55,upfront_international,outros
119,Gabcube,transaction,11753,2021-07-15 05:48:52,upfront_national,viagem
120,Chatterbridge,transaction,36947,2021-09-06 11:40:23,upfront_international,outros
121,Voonix,transaction,38360,2020-03-28 22:02:38,upfront_national,viagem
122,Riffpath,transaction,21254,2022-02-02 10:55:55,upfront_international,vestuario
123,Feedbug,transaction,50882,2018-01-24 04:13:29,upfront_international,supermercado
124,Tagfeed,transaction,20352,2021-05-13 06:01:31,upfront_international,lazer
125,Rhynoodle,transaction,-15748,2020-08-24 18:19:26,upfront_national,vestuario
126,Topiczoom,transaction,3840,2021-12-07 22:40:57,upfront_international,casa
127,Gabspot,transaction,3395,2020-10-26 03:18:40,upfront_international,saúde
128,Realpoint,transaction,24738,2018-01-19 02:59:26,upfront_national,supermercado
129,Topicware,transaction,15605,2021-10-09 16:39:10,upfront_national,lazer
130,Omba,transaction,820,2018-06-02 20:41:06,upfront_international,supermercado
131,Photospace,transaction,6914,2018-07-27 07:11:53,upfront_international,educação
132,Dabtype,transaction,19691,2018-10-06 19:50:26,upfront_national,transporte
133,Eadel,transaction,12459,2018-04-16 03:37:33,upfront_international,saúde
134,Lazzy,transaction,29902,2018-04-13 01:39:10,upfront_national,alimentação
135,Rhynyx,transaction,43167,2021-11-19 11:23:51,upfront_international,casa
136,Dabjam,transaction,3305,2020-09-20 07:56:20,upfront_national,educação
137,Mybuzz,transaction,39433,2020-02-08 14:10:01,upfront_national,educação
138,Rhyzio,transaction,51750,2021-04-27 19:22:28,upfront_national,casa
139,Twitterworks,transaction,31596,2021-03-30 20:48:44,upfront_national,supermercado
140,LiveZ,transaction,44030,2021-10-28 22:29:02,upfront_international,saúde
141,Fliptune,transaction,39451,2022-01-30 08:52:21,upfront_national,transporte
142,Babblestorm,transaction,-8985,2020-08-04 08:32:23,upfront_national,outros
143,Blogspan,transaction,45719,2019-07-29 06:28:36,upfront_national,viagem
144,Camimbo,transaction,9957,2018-05-29 08:35:06,upfront_national,outros
145,Browsebug,transaction,24410,2021-06-14 14:56:02,upfront_international,saúde
146,Demivee,transaction,42659,2020-04-11 06:58:32,upfront_international,lazer
147,InnoZ,transaction,15015,2019-05-27 01:01:54,upfront_national,educação
148,Gabtype,transaction,20681,2018-03-13 05:35:18,upfront_national,supermercado
149,Kazio,transaction,36015,2020-08-31 19:07:12,upfront_national,supermercado
150,Meevee,transaction,24991,2019-05-12 14:10:37,upfront_international,transporte
151,Thoughtmix,transaction,31484,2018-02-19 23:00:39,upfront_national,outros
152,Fivechat,transaction,44762,2021-03-24 03:50:10,upfront_international,outros
153,Edgewire,transaction,11911,2021-10-19 20:36:31,upfront_international,vestuario
154,Dynava,transaction,21423,2019-02-16 20:25:26,upfront_international,casa
155,Skinix,transaction,30647,2020-10-11 10:43:37,upfront_national,transporte
156,Realfire,transaction,17481,2018-11-17 03:49:46,upfront_national,alimentação
157,Flashset,transaction,33429,2019-02-12 19:19:00,upfront_national,supermercado
158,Oyondu,transaction,20457,2018-01-20 05:21:01,upfront_international,educação
159,Trilith,transaction,9046,2018-10-24 21:49:18,upfront_national,casa
160,Realblab,transaction,42286,2018-05-18 10:46:26,upfront_national,lazer
161,Jatri,transaction,32445,2021-12-21 21:14:18,upfront_international,transporte
162,Vidoo,transaction,27374,2018-02-01 14:13:31,upfront_international,supermercado
163,Thoughtblab,transaction,29307,2019-02-24 11:46:57,upfront_national,vestuario
164,Oozz,transaction,34675,2022-01-31 17:30:33,upfront_national,supermercado
165,Gabcube,transaction,5643,2020-09-24 10:13:48,upfront_international,casa
166,Linklinks,transaction,8900,2019-01-18 15:28:12,upfront_national,saúde
167,Oyoyo,transaction,37670,2021-04-25 23:05:40,upfront_international,educação
168,Flipstorm,transaction,8109,2019-05-26 01:02:26,upfront_international,lazer
169,Skynoodle,transaction,3669,2021-08-30 21:32:01,upfront_international,alimentação
170,Jazzy,transaction,34457,2018-12-27 06:22:28,upfront_international,supermercado
171,Livefish,transaction,46695,2020-04-04 05:36:54,upfront_international,outros
172,Buzzster,transaction,-4246,2018-06-22 12:11:07,upfront_national,casa
173,Blogtags,transaction,22169,2021-04-02 02:42:43,upfront_international,outros
174,Jayo,transaction,17746,2021-02-27 08:09:20,upfront_national,vestuario
175,Eazzy,transaction,23612,2019-03-14 20:41:39,upfront_national,outros
176,Twiyo,transaction,9142,2019-09-10 00:22:27,upfront_national,lazer
177,Youtags,transaction,20265,2019-05-19 00:25:15,upfront_international,alimentação
178,Edgetag,transaction,50872,2018-10-08 12:25:56,upfront_international,saúde
179,Linktype,transaction,43997,2018-05-05 05:40:59,upfront_international,saúde
180,Babbleblab,transaction,-13995,2020-10-20 13:26:59,upfront_national,educação
181,Devpulse,transaction,19362,2020-12-26 18:51:15,upfront_national,transporte
182,Avamba,transaction,14865,2021-11-11 08:26:15,upfront_national,viagem
183,Yadel,transaction,20581,2020-01-03 14:53:24,upfront_international,casa
184,Edgewire,transaction,9665,2018-01-12 00:26:05,upfront_international,vestuario
185,Divape,transaction,-7326,2020-06-10 05:28:36,upfront_international,lazer
186,Aimbo,transaction,31795,2021-07-02 12:41:59,upfront_national,alimentação
187,Realpoint,transaction,18628,2021-01-24 19:16:13,upfront_international,supermercado
188,Latz,transaction,10072,2021-07-22 03:00:48,upfront_international,viagem
189,Mydo,transaction,19323,2021-04-15 22:29:30,upfront_international,viagem
190,Tekfly,transaction,21945,2020-10-17 21:53:19,upfront_national,outros
191,Rhybox,transaction,55264,2018-04-28 20:11:12,upfront_international,casa
192,Vidoo,transaction,2036,2018-03-03 19:57:34,upfront_international,vestuario
193,Ainyx,transaction,24856,2021-12-30 17:39:06,upfront_international,transporte
194,Ozu,transaction,8711,2018-07-03 07:29:15,upfront_national,saúde
195,Flashspan,transaction,52076,2020-09-09 15:56:32,upfront_international,casa
196,Kamba,transaction,9899,2021-07-03 05:31:23,upfront_international,casa
197,Camido,transaction,34410,2020-09-18 12:42:06,upfront_international,transporte
198,Kwinu,transaction,11376,2021-10-30 01:44:30,upfront_international,supermercado
199,Topicshots,transaction,579,2018-02-16 09:41:57,upfront_international,saúde
200,Kazio,transaction,25368,2018-01-11 21:44:23,upfront_national,viagem
201,Realpoint,transaction,20247,2021-03-07 09:48:47,upfront_international,lazer
202,Vitz,transaction,23165,2018-07-07 04:47:18,upfront_international,viagem
203,Roombo,transaction,31537,2021-12-18 11:45:23,upfront_international,viagem
204,Pixope,transaction,20496,2018-07-26 07:50:46,upfront_international,saúde
205,Rhynyx,transaction,16074,2021-06-23 09:47:07,upfront_international,transporte
206,Twinder,transaction,1358,2021-11-10 01:24:42,upfront_international,alimentação
207,Avaveo,transaction,26827,2020-07-21 03:56:22,upfront_international,supermercado
208,Linkbuzz,transaction,18027,2022-02-05 13:35:58,upfront_international,alimentação
209,Meembee,transaction,1384,2018-04-04 16:44:33,upfront_international,viagem
210,Tagcat,transaction,22937,2021-04-09 13:08:19,upfront_international,supermercado
211,Rhycero,transaction,44421,2021-07-14 15:21:56,upfront_international,lazer
212,Lajo,transaction,41122,2020-01-27 04:56:12,upfront_national,casa
213,Voomm,transaction,-5942,2019-08-07 20:43:28,upfront_national,vestuario
214,Izio,transaction,39612,2019-06-07 00:50:56,upfront_international,lazer
215,Avamba,transaction,2223,2018-06-19 00:26:59,upfront_international,outros
216,Vitz,transaction,19485,2018-02-08 23:12:20,upfront_international,outros
217,Bluejam,transaction,19405,2020-11-20 01:12:40,upfront_international,outros
218,Quinu,transaction,6444,2021-08-13 23:27:18,upfront_international,alimentação
219,Twinte,transaction,2244,2021-07-26 06:22:56,upfront_national,lazer
220,Linkbridge,transaction,1374,2021-05-12 20:07:53,upfront_national,casa
221,Wikizz,transaction,-11996,2019-10-29 05:47:58,upfront_national,transporte
222,Devpoint,transaction,23531,2020-11-30 01:30:06,upfront_national,saúde
223,Gabtune,transaction,6,2018-12-15 00:30:00,upfront_international,viagem
224,Eimbee,transaction,44404,2021-05-02 02:20:03,upfront_international,alimentação
225,Meejo,transaction,36611,2018-07-11 14:50:44,upfront_international,transporte
226,Lazz,transaction,632,2020-10-07 17:53:50,upfront_national,educação
227,Skyble,transaction,51376,2021-03-01 05:53:30,upfront_international,educação
228,Flashspan,transaction,21340,2020-09-18 17:12:50,upfront_international,transporte
229,Wordpedia,transaction,5448,2018-09-02 11:23:06,upfront_international,saúde
230,Skynoodle,transaction,31139,2021-01-23 03:20:24,upfront_national,lazer
231,Jetwire,transaction,41828,2020-01-02 12:16:56,upfront_national,alimentação
232,Dynazzy,transaction,42210,2020-12-17 10:22:18,upfront_international,casa
233,Skippad,transaction,7864,2019-07-23 23:30:32,upfront_national,casa
234,Zava,transaction,18434,2020-04-30 12:37:51,upfront_international,alimentação
235,Devshare,transaction,6384,2018-08-13 18:59:06,upfront_national,educação
236,Linkbuzz,transaction,14642,2020-06-17 09:00:35,upfront_national,transporte
237,Mynte,transaction,25301,2020-11-07 03:03:30,upfront_international,casa
238,Linktype,transaction,41441,2019-07-09 12:22:25,upfront_international,supermercado
239,Thoughtsphere,transaction,40603,2018-10-09 01:51:36,upfront_international,viagem
240,Dablist,transaction,22125,2022-01-04 22:00:10,upfront_national,educação
241,Edgeclub,transaction,-18868,2021-06-27 07:11:13,upfront_international,educação
242,Rhynyx,transaction,27037,2022-01-14 02:25:36,upfront_national,alimentação
243,Trupe,transaction,18006,2019-06-19 16:34:36,upfront_national,saúde
244,Dynabox,transaction,7883,2018-06-19 07:54:52,upfront_national,saúde
245,Mydo,transaction,11679,2019-09-23 06:57:36,upfront_national,outros
246,Skaboo,transaction,13138,2020-01-09 09:59:14,upfront_international,outros
247,Skynoodle,transaction,20154,2022-01-05 05:58:50,upfront_international,outros
248,Twitterwire,transaction,21277,2021-05-24 07:22:11,upfront_national,transporte
249,Innotype,transaction,17216,2021-04-19 20:19:38,upfront_international,outros
250,Gabtype,transaction,16991,2019-12-26 02:26:47,upfront_national,saúde
251,Jabberstorm,transaction,37511,2018-04-22 03:50:04,upfront_national,transporte
252,Centidel,transaction,-593,2018-05-27 18:26:22,upfront_national,lazer
253,Abatz,transaction,-9267,2018-05-05 18:58:04,upfront_international,casa
254,Voolith,transaction,10951,2018-10-30 07:30:34,upfront_international,alimentação
255,Voomm,transaction,35614,2020-10-15 02:00:20,upfront_international,alimentação
256,Twitterbridge,transaction,15869,2019-03-08 17:35:02,upfront_international,outros
257,Yadel,transaction,-5474,2021-06-07 23:26:22,upfront_national,supermercado
258,Roombo,transaction,15724,2019-06-24 05:13:27,upfront_national,supermercado
259,Demimbu,transaction,-6376,2019-11-25 08:58:29,upfront_national,transporte
260,Realmix,transaction,12129,2020-01-01 01:52:33,upfront_national,casa
261,Tazz,transaction,43061,2020-11-06 13:37:36,upfront_national,supermercado
262,Mydeo,transaction,26918,2021-05-19 18:45:24,upfront_international,lazer
263,Blogtag,transaction,20831,2019-02-10 21:37:08,upfront_international,transporte
264,Quinu,transaction,21958,2018-04-21 22:53:11,upfront_national,transporte
265,Edgewire,transaction,11839,2018-06-05 02:07:33,upfront_international,saúde
266,Pixope,transaction,54115,2021-08-21 21:41:06,upfront_national,vestuario
267,Snaptags,transaction,-4514,2018-08-23 19:23:59,upfront_international,lazer
268,Feednation,transaction,19038,2019-01-02 17:32:55,upfront_national,educação
269,Dabfeed,transaction,16665,2018-02-09 06:22:49,upfront_international,saúde
270,Jamia,transaction,23784,2018-06-24 02:39:30,upfront_international,viagem
271,Livetube,transaction,47020,2018-03-12 00:18:24,upfront_national,outros
272,Ooba,transaction,15935,2020-10-11 00:53:36,upfront_international,saúde
273,Feedfire,transaction,-15710,2020-12-24 02:57:05,upfront_international,supermercado
274,Jazzy,transaction,31794,2021-01-26 04:16:42,upfront_national,vestuario
275,BlogXS,transaction,5088,2018-09-06 05:37:04,upfront_international,educação
276,Meevee,transaction,222,2018-06-16 00:26:58,upfront_international,educação
277,Browsecat,transaction,12692,2019-04-22 23:05:01,upfront_international,alimentação
278,Geba,transaction,3021,2020-01-31 03:17:35,upfront_international,educação
279,Voonix,transaction,37061,2020-10-09 03:21:45,upfront_national,vestuario
280,Oyondu,transaction,11421,2020-05-22 06:46:46,upfront_international,alimentação
281,Tazz,transaction,57672,2018-10-31 10:50:45,upfront_national,vestuario
282,Rooxo,transaction,-3441,2019-05-02 08:10:49,upfront_international,educação
283,Ntags,transaction,-4077,2018-08-03 16:51:50,upfront_national,educação
284,Yamia,transaction,6422,2018-03-30 01:18:51,upfront_international,lazer
285,Talane,transaction,19872,2020-10-26 01:59:03,upfront_international,outros
286,Brightbean,transaction,5704,2019-03-17 07:12:39,upfront_international,educação
287,Dabjam,transaction,9680,2018-05-10 12:09:42,upfront_national,casa
288,Jaxnation,transaction,12894,2018-09-07 06:56:45,upfront_national,transporte
289,Yakidoo,transaction,33474,2019-12-14 20:02:27,upfront_national,casa
290,Buzzdog,transaction,30261,2019-06-14 13:50:08,upfront_international,casa
291,Fivebridge,transaction,10022,2020-05-10 10:08:18,upfront_national,lazer
292,Aimbo,transaction,36177,2020-08-04 07:12:22,upfront_national,saúde
293,Quamba,transaction,5024,2018-01-24 22:52:42,upfront_national,outros
294,Rhycero,transaction,24608,2021-02-25 13:06:59,upfront_international,transporte
295,Innotype,transaction,4718,2018-09-12 07:13:38,upfront_national,saúde
296,Zoovu,transaction,28258,2019-03-12 00:21:36,upfront_international,viagem
297,JumpXS,transaction,-5373,2019-03-13 04:10:44,upfront_national,saúde
298,Pixoboo,transaction,32058,2018-03-20 09:15:02,upfront_national,supermercado
299,Dynava,transaction,28713,2018-01-23 01:54:54,upfront_national,alimentação
300,Flashset,transaction,21419,2018-06-02 20:18:33,upfront_national,saúde
301,Oyonder,transaction,34766,2021-09-09 22:51:58,upfront_national,transporte
302,Skynoodle,transaction,36403,2020-03-25 14:15:57,upfront_national,viagem
303,Vimbo,transaction,24591,2021-08-02 02:48:34,upfront_national,outros
304,Roomm,transaction,34622,2019-02-01 03:26:59,upfront_international,educação
305,Jaloo,transaction,22318,2021-08-07 01:14:36,upfront_international,lazer
306,Quinu,transaction,28115,2019-04-28 10:28:27,upfront_national,casa
307,Yozio,transaction,18386,2018-01-04 09:19:27,upfront_national,transporte
308,Browsetype,transaction,39445,2021-02-23 02:25:48,upfront_international,lazer
309,Bluezoom,transaction,19112,2018-07-03 10:13:47,upfront_international,viagem
310,Blogpad,transaction,-1093,2019-08-11 10:07:16,upfront_national,outros
311,Janyx,transaction,7249,2020-05-25 06:14:00,upfront_national,supermercado
312,Quimm,transaction,36574,2018-01-05 13:32:09,upfront_international,vestuario
313,Plajo,transaction,28365,2021-06-16 12:42:09,upfront_international,vestuario
314,Dazzlesphere,transaction,5874,2018-01-13 18:53:50,upfront_international,lazer
315,Topiczoom,transaction,38172,2020-10-25 10:36:27,upfront_national,alimentação
316,Quatz,transaction,20942,2021-02-26 18:23:37,upfront_national,outros
317,Skalith,transaction,35794,2021-05-29 10:03:02,upfront_national,supermercado
318,Thoughtstorm,transaction,15792,2021-09-20 14:30:27,upfront_national,educação
319,Tagcat,transaction,14695,2021-04-27 05:12:45,upfront_national,vestuario
320,Blogtag,transaction,18080,2019-04-19 06:03:19,upfront_international,viagem
321,Skiba,transaction,20605,2020-06-24 04:50:19,upfront_international,outros
322,Twitternation,transaction,32645,2022-01-31 20:48:44,upfront_national,vestuario
323,Skimia,transaction,20470,2021-08-22 14:23:17,upfront_national,transporte
324,Rooxo,transaction,18281,2018-12-03 02:10:45,upfront_international,transporte
325,Dablist,transaction,15447,2021-12-29 20:13:38,upfront_national,casa
326,Dabtype,transaction,15768,2018-10-22 08:52:46,upfront_international,saúde
327,Browsebug,transaction,65216,2019-03-11 17:53:46,upfront_national,transporte
328,Eayo,transaction,16294,2020-11-28 19:21:56,upfront_national,transporte
329,Meevee,transaction,14047,2018-07-29 23:53:36,upfront_national,vestuario
330,Jazzy,transaction,8023,2020-08-29 04:02:52,upfront_national,educação
331,Yodel,transaction,9126,2020-10-05 06:58:34,upfront_international,casa
332,Flipstorm,transaction,39962,2018-10-17 08:01:31,upfront_international,transporte
333,Twimbo,transaction,28569,2018-03-08 02:58:03,upfront_national,saúde
334,Photojam,transaction,2276,2021-07-31 13:33:07,upfront_international,viagem
335,Topicblab,transaction,22176,2020-02-14 22:54:13,upfront_national,educação
336,Kaymbo,transaction,32691,2020-04-26 07:47:06,upfront_international,viagem
337,Skimia,transaction,27717,2021-01-31 09:44:26,upfront_international,saúde
338,Dabvine,transaction,4392,2020-06-18 06:29:45,upfront_national,outros
339,Tagfeed,transaction,3752,2022-01-05 03:36:19,upfront_national,supermercado
340,Tavu,transaction,10853,2021-03-03 00:54:44,upfront_national,saúde
341,Topicstorm,transaction,19023,2019-03-24 12:52:21,upfront_national,alimentação
342,Browsetype,transaction,-6809,2020-12-13 11:42:35,upfront_international,outros
343,Photobug,transaction,24271,2021-06-26 23:10:51,upfront_national,educação
344,Photojam,transaction,33311,2019-07-22 15:52:55,upfront_international,alimentação
345,Brightbean,transaction,20363,2020-08-24 19:54:25,upfront_national,saúde
346,Centidel,transaction,-10620,2019-11-04 22:33:10,upfront_international,casa
347,Mycat,transaction,22831,2020-08-19 10:09:47,upfront_international,lazer
348,Bluejam,transaction,23636,2019-04-26 23:37:19,upfront_national,lazer
349,Photobug,transaction,-419,2021-03-05 08:24:36,upfront_international,educação
350,Kazu,transaction,38071,2019-11-11 12:37:42,upfront_national,alimentação
351,Fatz,transaction,-1076,2019-02-19 23:01:28,upfront_national,alimentação
352,Wordpedia,transaction,13888,2020-09-05 21:03:12,upfront_international,vestuario
353,Jabbertype,transaction,21899,2021-04-02 22:28:11,upfront_international,educação
354,Mynte,transaction,-7162,2018-07-06 15:16:01,upfront_international,lazer
355,Youbridge,transaction,57087,2021-04-02 12:46:48,upfront_national,vestuario
356,Blogtag,transaction,29323,2018-05-22 10:27:27,upfront_international,transporte
357,Bluejam,transaction,17675,2018-01-15 20:58:57,upfront_international,viagem
358,Dazzlesphere,transaction,25679,2021-12-26 19:46:38,upfront_national,saúde
359,Dynabox,transaction,7979,2018-12-01 03:05:31,upfront_international,outros
360,Jaxbean,transaction,24511,2019-05-25 17:01:00,upfront_national,vestuario
361,Avaveo,transaction,12541,2020-03-21 12:08:44,upfront_national,viagem
362,Quinu,transaction,17121,2020-05-16 18:11:13,upfront_international,educação
363,Jabbercube,transaction,12013,2019-01-14 00:47:46,upfront_international,casa
364,Kwimbee,transaction,25042,2018-12-18 21:56:59,upfront_national,viagem
365,Oyoyo,transaction,23825,2021-10-27 02:53:10,upfront_international,saúde
366,Thoughtbeat,transaction,14753,2019-03-13 08:33:38,upfront_national,lazer
367,Einti,transaction,18794,2021-07-12 18:05:40,upfront_national,outros
368,Jabberbean,transaction,40149,2020-07-16 21:20:55,upfront_national,casa
369,Ntags,transaction,26422,2021-04-03 15:16:11,upfront_national,lazer
370,Brainbox,transaction,7141,2020-04-23 20:48:06,upfront_national,viagem
371,Yamia,transaction,30193,2018-03-22 05:22:58,upfront_national,outros
372,Skinte,transaction,20669,2018-04-16 11:32:06,upfront_national,saúde
373,Buzzdog,transaction,29482,2019-07-20 11:34:33,upfront_international,alimentação
374,Midel,transaction,2066,2018-11-17 17:21:25,upfront_national,supermercado
375,Voomm,transaction,27904,2020-08-08 16:16:08,upfront_national,lazer
376,Devshare,transaction,8209,2021-05-31 05:19:55,upfront_international,casa
377,Cogilith,transaction,32997,2019-02-15 01:48:42,upfront_international,saúde
378,Twitternation,transaction,30870,2018-07-05 10:37:58,upfront_international,viagem
379,Einti,transaction,52899,2018-06-13 13:03:11,upfront_national,lazer
380,Bluejam,transaction,65907,2021-01-18 15:20:43,upfront_national,lazer
381,Latz,transaction,20621,2021-06-07 20:18:01,upfront_international,alimentação
382,Shuffledrive,transaction,30634,2018-09-16 20:26:18,upfront_national,saúde
383,Wikido,transaction,28841,2021-06-22 12:45:41,upfront_national,saúde
384,Oyoba,transaction,41322,2019-05-24 18:08:33,upfront_international,transporte
385,Mycat,transaction,30027,2020-02-20 09:45:39,upfront_international,casa
386,Jazzy,transaction,28404,2019-03-27 16:07:38,upfront_international,lazer
387,Yodoo,transaction,17162,2018-09-10 13:58:03,upfront_national,lazer
388,Twitterbeat,transaction,28798,2020-04-20 09:38:51,upfront_international,viagem
389,Trilith,transaction,40416,2019-07-03 22:11:40,upfront_international,vestuario
390,Feedbug,transaction,24518,2021-07-02 20:13:18,upfront_international,vestuario
391,Edgeclub,transaction,13122,2020-06-09 08:41:32,upfront_international,saúde
392,Podcat,transaction,16945,2021-02-03 21:51:02,upfront_international,vestuario
393,Yambee,transaction,20052,2021-07-19 19:20:24,upfront_international,alimentação
394,Livepath,transaction,5930,2018-06-29 17:00:20,upfront_national,alimentação
395,Vinder,transaction,22457,2018-03-27 06:02:25,upfront_national,educação
396,Thoughtsphere,transaction,192,2021-09-08 19:02:49,upfront_national,alimentação
397,Blognation,transaction,18911,2020-03-22 02:20:03,upfront_international,educação
398,Linkbridge,transaction,-10842,2018-01-05 04:20:32,upfront_national,alimentação
399,Realbuzz,transaction,4741,2019-02-09 12:13:57,upfront_national,transporte
400,Jabberbean,transaction,28848,2018-10-24 21:23:43,upfront_international,educação
401,Jetpulse,transaction,599,2020-12-29 10:38:56,upfront_national,lazer
402,Realmix,transaction,37760,2018-08-19 01:02:31,upfront_international,transporte
403,Oloo,transaction,24529,2021-03-13 01:23:20,upfront_international,saúde
404,Tambee,transaction,15442,2021-01-19 20:14:47,upfront_international,casa
405,Trilith,transaction,35127,2021-10-17 00:14:53,upfront_international,viagem
406,Kazu,transaction,3131,2018-06-22 11:36:13,upfront_national,transporte
407,Centimia,transaction,15321,2019-03-02 10:59:44,upfront_national,educação
408,Jabbersphere,transaction,5037,2020-03-24 06:37:33,upfront_national,casa
409,Babblestorm,transaction,25830,2021-07-24 07:21:25,upfront_international,outros
410,Skipstorm,transaction,57101,2019-11-16 07:19:52,upfront_international,casa
411,Lazzy,transaction,29979,2019-12-10 15:15:47,upfront_international,supermercado
412,Jabberstorm,transaction,32471,2019-05-14 23:48:14,upfront_international,alimentação
413,Ntag,transaction,10013,2021-01-14 15:28:31,upfront_international,supermercado
414,Omba,transaction,2789,2020-05-30 13:37:15,upfront_international,outros
415,Flashpoint,transaction,19155,2020-04-05 22:30:28,upfront_national,vestuario
416,Bubblebox,transaction,4729,2021-03-24 04:34:51,upfront_international,viagem
417,Photobug,transaction,31805,2019-04-16 17:46:47,upfront_international,supermercado
418,Meetz,transaction,31840,2018-10-20 08:36:25,upfront_national,alimentação
419,Fivespan,transaction,20730,2019-11-14 08:32:03,upfront_national,alimentação
420,Lajo,transaction,-754,2019-11-07 01:44:04,upfront_international,lazer
421,Shufflebeat,transaction,21249,2021-09-20 19:00:42,upfront_international,saúde
422,Babblestorm,transaction,8507,2021-03-10 16:59:52,upfront_national,transporte
423,Divavu,transaction,35844,2021-12-21 18:33:04,upfront_international,lazer
424,Jaloo,transaction,7,2021-11-01 16:32:31,upfront_national,educação
425,Snaptags,transaction,31277,2019-08-19 19:03:51,upfront_national,outros
426,Youopia,transaction,38114,2019-05-25 22:09:22,upfront_international,alimentação
427,Vimbo,transaction,26222,2019-05-05 20:32:57,upfront_international,educação
428,Shuffledrive,transaction,1758,2018-07-31 12:11:55,upfront_international,saúde
429,Tavu,transaction,44548,2018-05-19 12:54:03,upfront_international,supermercado
430,Divape,transaction,-4832,2018-08-05 05:55:09,upfront_national,viagem
431,Browsezoom,transaction,21291,2019-09-30 17:56:54,upfront_national,educação
432,Realcube,transaction,39612,2019-03-05 00:35:27,upfront_national,alimentação
433,Yakidoo,transaction,21503,2021-10-17 15:01:57,upfront_national,vestuario
434,Twimbo,transaction,10674,2021-10-25 03:23:04,upfront_international,educação
435,Thoughtworks,transaction,1624,2020-06-25 09:30:55,upfront_international,outros
436,Brightbean,transaction,-18568,2018-11-09 03:41:16,upfront_international,lazer
437,Shuffledrive,transaction,21137,2019-02-03 09:40:39,upfront_international,viagem
438,Tekfly,transaction,3954,2018-11-24 07:39:13,upfront_international,alimentação
439,Vidoo,transaction,-2154,2021-12-22 10:51:29,upfront_national,vestuario
440,Jazzy,transaction,19894,2020-07-08 08:05:24,upfront_international,viagem
441,Fanoodle,transaction,32455,2019-06-01 16:15:31,upfront_international,lazer
442,Topicblab,transaction,16850,2021-06-28 12:03:05,upfront_international,educação
443,Shuffledrive,transaction,30494,2019-05-08 15:56:33,upfront_international,educação
444,Thoughtstorm,transaction,5230,2020-07-17 13:33:54,upfront_national,educação
445,Brainverse,transaction,62372,2021-06-18 15:49:04,upfront_national,supermercado
446,Realcube,transaction,-2426,2020-12-04 18:32:55,upfront_international,outros
447,Wikizz,transaction,32943,2018-12-06 10:34:44,upfront_international,alimentação
448,Mybuzz,transaction,14910,2019-12-22 01:13:29,upfront_national,transporte
449,Skinte,transaction,48251,2021-06-19 07:17:50,upfront_international,transporte
450,Trilia,transaction,18049,2021-03-13 18:43:58,upfront_national,alimentação
451,Vidoo,transaction,3375,2021-08-22 08:58:16,upfront_national,alimentação
452,InnoZ,transaction,25182,2020-04-02 00:40:50,upfront_international,casa
453,Flipstorm,transaction,14089,2020-07-13 13:23:19,upfront_international,transporte
454,Skimia,transaction,24960,2018-01-06 02:04:21,upfront_national,educação
455,Devpoint,transaction,27174,2019-03-09 05:44:00,upfront_national,transporte
456,Gigaclub,transaction,30335,2018-06-29 07:20:12,upfront_national,outros
457,Yotz,transaction,23387,2021-06-27 10:35:15,upfront_national,casa
458,Yacero,transaction,20830,2018-11-01 03:23:37,upfront_international,outros
459,Leenti,transaction,25902,2018-04-05 04:23:12,upfront_international,supermercado
460,Devbug,transaction,18660,2018-09-17 13:04:36,upfront_national,outros
461,Jaxworks,transaction,31126,2020-01-19 01:59:49,upfront_international,vestuario
462,Yabox,transaction,3735,2018-03-08 19:26:58,upfront_international,transporte
463,Realbuzz,transaction,4528,2021-02-09 00:38:21,upfront_national,outros
464,Mynte,transaction,18340,2020-03-05 23:28:06,upfront_international,outros
465,Brightdog,transaction,44678,2018-11-05 16:02:22,upfront_international,supermercado
466,Skyba,transaction,27489,2020-08-02 20:51:24,upfront_national,supermercado
467,Skynoodle,transaction,7863,2018-07-14 13:34:08,upfront_international,lazer
468,Kaymbo,transaction,-31694,2018-03-17 17:37:32,upfront_national,casa
469,Vimbo,transaction,-1152,2021-10-02 20:01:18,upfront_national,viagem
470,Kwimbee,transaction,33757,2020-04-20 00:06:00,upfront_national,supermercado
471,Yodoo,transaction,40165,2021-04-08 20:08:41,upfront_international,supermercado
472,Zooxo,transaction,17765,2020-10-14 04:28:41,upfront_international,vestuario
473,Flipopia,transaction,11793,2020-06-05 12:44:46,upfront_national,viagem
474,Photojam,transaction,50088,2019-03-24 15:44:53,upfront_national,alimentação
475,Digitube,transaction,27877,2021-05-13 02:29:23,upfront_international,alimentação
476,Mybuzz,transaction,20785,2019-04-23 22:03:24,upfront_national,educação
477,Vidoo,transaction,39068,2020-06-13 16:09:10,upfront_national,transporte
478,Kwinu,transaction,30454,2021-09-02 04:59:17,upfront_international,educação
479,Jabbersphere,transaction,34840,2018-04-02 16:08:12,upfront_international,alimentação
480,Agimba,transaction,37157,2019-01-13 21:12:27,upfront_international,viagem
481,Zooxo,transaction,-4719,2018-10-21 02:25:01,upfront_international,outros
482,Mynte,transaction,39003,2019-06-03 09:06:16,upfront_international,transporte
483,Dynabox,transaction,48478,2020-03-29 18:25:25,upfront_international,casa
484,Fatz,transaction,20082,2020-04-07 23:17:29,upfront_international,transporte
485,Meejo,transaction,13793,2018-04-22 11:47:56,upfront_international,transporte
486,Agivu,transaction,23209,2019-08-17 21:08:17,upfront_national,alimentação
487,Edgeblab,transaction,26179,2020-04-07 04:02:05,upfront_international,transporte
488,Wikibox,transaction,23100,2019-01-17 12:21:28,upfront_national,casa
489,Rhynyx,transaction,16701,2020-08-27 15:12:16,upfront_national,educação
490,Fliptune,transaction,1956,2021-02-22 16:49:06,upfront_national,casa
491,Centimia,transaction,12227,2018-10-19 14:48:41,upfront_international,transporte
492,Ntag,transaction,29076,2018-12-29 23:53:05,upfront_national,viagem
493,Buzzbean,transaction,35023,2020-03-09 07:20:06,upfront_international,saúde
494,Skimia,transaction,21011,2021-02-18 08:51:03,upfront_national,viagem
495,Twitterbeat,transaction,32247,2018-03-23 13:25:50,upfront_national,outros
496,Fivespan,transaction,20942,2020-04-30 14:00:32,upfront_international,transporte
497,Meedoo,transaction,19330,2018-02-09 21:42:21,upfront_national,transporte
498,Dabjam,transaction,38817,2020-03-14 22:35:15,upfront_international,saúde
499,Roomm,transaction,30195,2021-01-11 01:19:26,upfront_international,vestuario
500,Youfeed,transaction,2560,2018-10-09 08:51:32,upfront_national,supermercado
501,Skiptube,transaction,22413,2018-10-12 22:35:44,upfront_national,educação
502,Meejo,transaction,29468,2019-10-24 05:47:37,upfront_national,casa
503,Fivespan,transaction,5204,2020-05-21 05:11:40,upfront_international,casa
504,JumpXS,transaction,10222,2020-02-01 13:02:01,upfront_international,alimentação
505,Photolist,transaction,32932,2021-08-02 14:33:44,upfront_national,educação
506,Gabspot,transaction,-12278,2021-09-30 18:35:34,upfront_international,educação
507,Jatri,transaction,58791,2021-07-11 04:59:28,upfront_international,saúde
508,Gigazoom,transaction,9051,2018-03-15 20:30:07,upfront_international,outros
509,Leenti,transaction,12458,2020-05-18 09:02:24,upfront_national,outros
510,Edgepulse,transaction,44960,2018-11-07 21:05:25,upfront_international,vestuario
511,Mydo,transaction,10593,2018-11-22 15:39:24,upfront_international,educação
512,Eire,transaction,25183,2018-05-06 12:38:15,upfront_international,educação
513,Photolist,transaction,8660,2021-06-19 20:19:10,upfront_national,outros
514,Zoomdog,transaction,28803,2021-02-28 10:15:28,upfront_national,lazer
515,Chatterbridge,transaction,11101,2018-01-18 07:50:19,upfront_international,lazer
516,Realbuzz,transaction,8771,2019-08-20 09:17:45,upfront_national,outros
517,Meezzy,transaction,33547,2019-10-27 04:00:53,upfront_international,alimentação
518,Kwideo,transaction,43215,2021-09-18 06:44:16,upfront_national,viagem
519,Lazzy,transaction,49364,2019-09-05 22:54:38,upfront_international,outros
520,Skajo,transaction,20187,2021-01-31 17:19:56,upfront_national,educação
521,Ainyx,transaction,37085,2018-03-02 16:25:06,upfront_international,vestuario
522,Feedbug,transaction,2696,2019-04-21 05:50:16,upfront_national,lazer
523,Camido,transaction,37548,2018-05-25 21:34:54,upfront_international,outros
524,Twitternation,transaction,40423,2020-05-27 11:48:39,upfront_national,saúde
525,Geba,transaction,18686,2019-03-04 17:37:55,upfront_national,transporte
526,Jabbersphere,transaction,43947,2020-03-13 20:42:10,upfront_national,saúde
527,Skiba,transaction,8816,2021-01-05 08:11:07,upfront_international,alimentação
528,Yozio,transaction,12530,2020-08-18 07:25:57,upfront_national,vestuario
529,Camido,transaction,16261,2018-12-15 02:41:32,upfront_national,supermercado
530,Lazz,transaction,20690,2021-01-14 16:51:30,upfront_international,alimentação
531,Leexo,transaction,6857,2019-11-17 04:27:04,upfront_international,viagem
532,Devcast,transaction,293,2021-09-22 19:59:59,upfront_international,alimentação
533,Gabvine,transaction,30537,2020-04-30 04:45:52,upfront_international,transporte
534,Meevee,transaction,37793,2021-07-18 19:12:24,upfront_international,casa
535,Ooba,transaction,4294,2020-08-29 05:12:34,upfront_international,saúde
536,Realbridge,transaction,30790,2018-10-16 08:18:55,upfront_international,transporte
537,Oloo,transaction,23285,2018-06-27 06:09:05,upfront_national,outros
538,Edgeblab,transaction,40033,2018-02-18 10:19:25,upfront_international,saúde
539,Camimbo,transaction,24839,2019-12-17 23:25:13,upfront_international,saúde
540,Shufflebeat,transaction,-22521,2021-08-19 23:30:01,upfront_national,outros
541,Twinte,transaction,13904,2020-08-11 06:37:26,upfront_national,lazer
542,Twimm,transaction,25221,2021-08-18 20:08:09,upfront_international,outros
543,Gabcube,transaction,1243,2021-08-12 00:30:35,upfront_national,casa
544,Twitterbeat,transaction,3758,2021-02-02 19:18:54,upfront_international,casa
545,Yotz,transaction,12242,2019-02-15 04:35:37,upfront_international,casa
546,Wikizz,transaction,42698,2020-11-29 08:36:15,upfront_international,transporte
547,Babbleset,transaction,22186,2018-01-03 11:30:18,upfront_national,lazer
548,Shufflebeat,transaction,28706,2020-08-08 07:50:25,upfront_international,supermercado
549,Oyoloo,transaction,12326,2019-04-04 16:28:29,upfront_national,supermercado
550,Meevee,transaction,-9006,2019-11-13 00:07:50,upfront_national,transporte
551,Youtags,transaction,12604,2018-07-02 06:54:45,upfront_international,casa
552,Digitube,transaction,20291,2020-05-09 06:27:31,upfront_national,alimentação
553,Gevee,transaction,38341,2018-06-01 14:02:48,upfront_national,casa
554,Rhyzio,transaction,-1644,2018-11-01 16:52:54,upfront_international,lazer
555,Photofeed,transaction,36934,2020-03-14 20:21:10,upfront_national,transporte
556,Brainverse,transaction,6463,2020-11-11 12:24:03,upfront_international,transporte
557,Rhybox,transaction,-1909,2019-12-25 17:35:07,upfront_national,educação
558,Mynte,transaction,41460,2018-08-16 21:37:51,upfront_national,viagem
559,Midel,transaction,19786,2019-04-02 18:07:25,upfront_national,alimentação
560,Skyba,transaction,-6398,2020-06-16 23:32:57,upfront_international,lazer
561,Wikido,transaction,11805,2019-04-07 01:05:59,upfront_national,vestuario
562,Yata,transaction,16043,2020-07-18 21:23:34,upfront_international,saúde
563,Janyx,transaction,6997,2021-02-09 05:22:10,upfront_national,transporte
564,Centimia,transaction,51960,2021-12-14 15:39:23,upfront_national,educação
565,Zoomzone,transaction,8533,2021-01-22 18:21:27,upfront_national,transporte
566,Trilith,transaction,17520,2021-06-13 14:37:43,upfront_national,outros
567,Topicware,transaction,34904,2019-08-18 17:30:14,upfront_international,supermercado
568,Fatz,transaction,8990,2019-03-20 22:06:25,upfront_national,alimentação
569,LiveZ,transaction,25204,2021-03-20 16:27:26,upfront_national,saúde
570,Kwilith,transaction,16745,2020-07-31 07:28:16,upfront_international,alimentação
571,Ainyx,transaction,27244,2018-01-05 15:31:10,upfront_national,educação
572,Zoonder,transaction,33200,2020-09-20 10:41:09,upfront_national,saúde
573,Oozz,transaction,14123,2018-05-07 08:50:19,upfront_national,outros
574,Kimia,transaction,10751,2021-08-02 09:56:27,upfront_national,saúde
575,Dynabox,transaction,8928,2018-02-06 05:40:01,upfront_national,casa
576,Twitternation,transaction,32436,2018-09-29 04:59:46,upfront_international,transporte
577,Youopia,transaction,22136,2018-01-26 21:22:54,upfront_national,outros
578,Twitterbeat,transaction,-8757,2019-11-24 12:39:16,upfront_international,educação
579,Mynte,transaction,28869,2021-08-16 11:55:19,upfront_national,transporte
580,DabZ,transaction,18110,2021-06-09 08:21:15,upfront_national,educação
581,Thoughtmix,transaction,22386,2021-10-17 06:05:03,upfront_national,saúde
582,Agivu,transaction,47655,2019-07-13 15:32:23,upfront_international,viagem
583,Yombu,transaction,-2697,2020-08-24 20:07:41,upfront_national,supermercado
584,Skynoodle,transaction,-3319,2020-03-03 15:15:54,upfront_international,supermercado
585,Divavu,transaction,19845,2019-02-14 02:36:06,upfront_international,educação
586,Yoveo,transaction,10449,2019-02-17 00:48:29,upfront_national,educação
587,Feedfire,transaction,12830,2018-04-20 03:43:35,upfront_national,casa
588,Rhyloo,transaction,21479,2022-01-11 20:09:44,upfront_international,casa
589,Photolist,transaction,49481,2018-01-14 10:04:17,upfront_international,alimentação
590,Edgeblab,transaction,35784,2019-08-30 05:36:46,upfront_international,viagem
591,Oyoyo,transaction,15629,2021-09-22 16:41:56,upfront_international,supermercado
592,Yozio,transaction,37798,2021-09-04 17:52:01,upfront_national,outros
593,Oozz,transaction,37766,2021-03-17 21:24:46,upfront_national,supermercado
594,Gigaclub,transaction,21619,2018-08-02 10:04:45,upfront_national,viagem
595,Divape,transaction,-5434,2018-08-11 17:32:04,upfront_international,saúde
596,Devcast,transaction,32479,2018-11-12 05:01:07,upfront_national,lazer
597,Pixonyx,transaction,65425,2021-09-25 19:26:09,upfront_international,viagem
598,Voonix,transaction,22493,2020-04-22 10:49:14,upfront_national,vestuario
599,Edgeclub,transaction,3249,2020-02-18 04:04:05,upfront_national,casa
600,Pixoboo,transaction,56805,2021-09-13 04:04:33,upfront_international,casa
601,Feedbug,transaction,29812,2020-05-11 21:59:17,upfront_national,saúde
602,Pixonyx,transaction,19644,2021-08-27 07:29:40,upfront_national,vestuario
603,Cogibox,transaction,9311,2021-12-17 22:50:56,upfront_international,supermercado
604,Edgeclub,transaction,31399,2021-09-07 18:14:50,upfront_national,transporte
605,Tazzy,transaction,35802,2020-02-23 21:21:33,upfront_international,saúde
606,Jetwire,transaction,20238,2018-09-27 22:06:16,upfront_international,casa
607,Twitterbeat,transaction,13751,2021-10-03 16:59:22,upfront_international,transporte
608,Photofeed,transaction,21637,2021-08-08 11:02:39,upfront_national,outros
609,Abatz,transaction,29657,2020-11-18 18:26:21,upfront_national,alimentação
610,Buzzshare,transaction,19512,2018-04-30 11:18:07,upfront_international,viagem
611,Tambee,transaction,17383,2019-08-03 23:03:21,upfront_international,viagem
612,Linktype,transaction,1641,2018-01-19 21:12:39,upfront_international,vestuario
613,Tagcat,transaction,39449,2021-04-08 16:31:56,upfront_national,alimentação
614,Tagfeed,transaction,2443,2021-05-29 21:22:51,upfront_national,alimentação
615,Yodo,transaction,42217,2019-06-30 23:46:37,upfront_national,supermercado
616,Pixoboo,transaction,35515,2021-10-07 06:20:13,upfront_national,educação
617,Trupe,transaction,30281,2020-08-15 08:16:29,upfront_international,saúde
618,Yata,transaction,23143,2021-09-12 22:16:16,upfront_national,saúde
619,Eidel,transaction,30377,2020-09-15 11:55:42,upfront_international,lazer
620,Ntag,transaction,39551,2018-06-24 07:02:36,upfront_international,saúde
621,Mybuzz,transaction,-2591,2021-11-30 16:19:45,upfront_national,outros
622,Leexo,transaction,28750,2018-08-23 14:08:08,upfront_international,outros
623,Realbridge,transaction,-14736,2020-09-20 19:51:38,upfront_international,supermercado
624,Mudo,transaction,4807,2021-07-08 15:36:04,upfront_international,lazer
625,Trilith,transaction,29677,2021-11-25 15:43:58,upfront_international,viagem
626,Reallinks,transaction,25264,2019-02-26 04:00:32,upfront_national,casa
627,Yabox,transaction,5326,2021-03-13 01:26:55,upfront_national,viagem
628,Avamm,transaction,21730,2020-05-26 02:04:16,upfront_international,outros
629,Meejo,transaction,31135,2020-11-10 00:09:03,upfront_international,saúde
630,Camido,transaction,27660,2019-11-25 10:29:47,upfront_national,viagem
631,Realblab,transaction,28673,2020-11-26 03:34:27,upfront_national,vestuario
632,Meembee,transaction,10973,2018-09-19 00:20:04,upfront_international,supermercado
633,Leexo,transaction,2348,2022-01-19 20:14:43,upfront_international,educação
634,Yata,transaction,3014,2018-02-03 08:35:41,upfront_international,saúde
635,Zava,transaction,32451,2018-05-01 13:37:38,upfront_international,alimentação
636,Gabspot,transaction,25662,2021-03-06 05:54:08,upfront_national,casa
637,Camimbo,transaction,10762,2018-08-02 08:55:07,upfront_international,saúde
638,Camimbo,transaction,23398,2019-07-23 22:39:31,upfront_national,vestuario
639,Lazzy,transaction,29060,2021-03-29 20:06:15,upfront_international,outros
640,Centidel,transaction,30216,2020-09-08 03:32:54,upfront_international,casa
641,Realcube,transaction,2138,2020-10-01 02:10:42,upfront_international,supermercado
642,Vidoo,transaction,4190,2019-06-18 13:39:48,upfront_international,alimentação
643,Devcast,transaction,17175,2018-06-21 10:54:02,upfront_international,outros
644,Voomm,transaction,40964,2020-07-02 08:01:45,upfront_international,outros
645,Thoughtmix,transaction,31014,2021-07-25 10:13:01,upfront_international,educação
646,Realcube,transaction,10815,2021-11-12 18:27:50,upfront_national,viagem
647,Realcube,transaction,30264,2021-09-04 18:33:32,upfront_international,transporte
648,Jaloo,transaction,24761,2021-03-03 11:45:31,upfront_international,viagem
649,InnoZ,transaction,14742,2021-01-16 07:21:33,upfront_national,casa
650,Layo,transaction,32208,2019-02-08 18:40:20,upfront_national,outros
651,Gabspot,transaction,34747,2019-09-23 17:51:16,upfront_international,alimentação
652,Riffpedia,transaction,40270,2021-02-20 19:37:09,upfront_national,saúde
653,Quinu,transaction,19401,2020-06-21 05:44:06,upfront_national,casa
654,Gabtype,transaction,14623,2018-06-01 20:58:01,upfront_international,viagem
655,BlogXS,transaction,3462,2021-10-24 01:41:40,upfront_national,supermercado
656,Midel,transaction,13198,2018-05-12 12:24:25,upfront_national,outros
657,Flashdog,transaction,14713,2018-12-24 02:18:26,upfront_international,saúde
658,Camido,transaction,-3375,2018-01-12 02:30:47,upfront_international,outros
659,Chatterbridge,transaction,18612,2020-06-05 11:04:47,upfront_national,alimentação
660,Meetz,transaction,21124,2019-08-03 16:36:19,upfront_national,viagem
661,Kaymbo,transaction,14465,2018-02-23 04:15:49,upfront_international,educação
662,Kazio,transaction,-3770,2021-12-05 06:47:04,upfront_international,saúde
663,Tagopia,transaction,14063,2018-02-28 03:41:25,upfront_international,viagem
664,Yakitri,transaction,707,2019-06-18 09:50:11,upfront_national,viagem
665,Topiclounge,transaction,45440,2020-07-06 15:26:56,upfront_national,viagem
666,Yozio,transaction,29372,2020-08-09 16:09:20,upfront_national,educação
667,Zoombox,transaction,10538,2020-01-28 06:40:19,upfront_national,transporte
668,LiveZ,transaction,2730,2018-03-15 09:15:06,upfront_national,outros
669,Feedmix,transaction,7220,2020-02-05 22:21:39,upfront_international,vestuario
670,Jabberstorm,transaction,46825,2018-03-26 21:51:19,upfront_national,supermercado
671,Devcast,transaction,54654,2021-03-10 00:29:03,upfront_national,alimentação
672,Dabshots,transaction,1197,2021-10-14 02:44:14,upfront_national,transporte
673,Edgepulse,transaction,17804,2021-06-28 10:53:53,upfront_international,viagem
674,Oyoyo,transaction,45187,2018-01-04 09:25:24,upfront_national,vestuario
675,Meezzy,transaction,26701,2019-03-20 12:23:50,upfront_national,outros
676,Eimbee,transaction,38579,2018-09-01 22:01:06,upfront_international,alimentação
677,Gabvine,transaction,19309,2018-04-24 01:37:57,upfront_international,lazer
678,Fatz,transaction,15148,2018-07-01 12:44:00,upfront_national,vestuario
679,Flipbug,transaction,28367,2019-07-04 20:44:20,upfront_national,outros
680,Quimm,transaction,40831,2020-07-27 02:14:32,upfront_national,educação
681,Avavee,transaction,30810,2022-01-13 16:16:55,upfront_international,educação
682,Brightdog,transaction,29994,2021-09-03 10:46:48,upfront_international,saúde
683,Plajo,transaction,23437,2020-04-09 03:10:36,upfront_national,outros
684,Mynte,transaction,-1048,2018-05-16 17:08:44,upfront_national,outros
685,Voolith,transaction,-6376,2019-09-02 08:08:54,upfront_international,transporte
686,Feedspan,transaction,26560,2021-12-22 02:09:24,upfront_national,viagem
687,Tagopia,transaction,6887,2021-04-26 15:39:36,upfront_national,supermercado
688,Yotz,transaction,23976,2020-06-21 04:58:07,upfront_national,outros
689,Twitterbridge,transaction,16540,2018-04-15 13:41:33,upfront_national,transporte
690,Flashdog,transaction,24905,2021-05-19 14:04:52,upfront_international,alimentação
691,Youtags,transaction,13086,2019-03-30 08:08:39,upfront_national,educação
692,Oozz,transaction,5072,2018-11-11 07:18:43,upfront_international,transporte
693,Trudeo,transaction,-1701,2019-03-02 03:14:37,upfront_national,supermercado
694,Dabshots,transaction,11280,2020-01-27 20:38:22,upfront_international,outros
695,Topicstorm,transaction,34070,2019-09-20 11:01:46,upfront_international,casa
696,Minyx,transaction,-25655,2018-12-31 22:21:02,upfront_international,supermercado
697,Wikido,transaction,14621,2019-01-13 14:53:03,upfront_international,viagem
698,Linkbuzz,transaction,9859,2020-05-04 20:16:25,upfront_international,alimentação
699,Linklinks,transaction,8390,2018-07-17 07:07:25,upfront_international,educação
700,Mynte,transaction,44481,2018-08-22 04:35:53,upfront_national,transporte
701,Skipfire,transaction,12948,2018-11-26 09:47:08,upfront_national,supermercado
702,Twitterlist,transaction,25620,2019-09-13 17:04:38,upfront_national,alimentação
703,Riffpedia,transaction,24073,2018-07-16 14:22:37,upfront_international,casa
704,Vimbo,transaction,29249,2021-04-08 21:26:11,upfront_national,outros
705,Oyoloo,transaction,6359,2021-02-27 05:01:09,upfront_international,casa
706,Wikido,transaction,6082,2019-03-23 23:37:55,upfront_national,supermercado
707,Jabbercube,transaction,9253,2018-12-02 18:21:18,upfront_international,transporte
708,Realcube,transaction,7583,2018-01-21 23:51:34,upfront_national,saúde
709,Dynabox,transaction,23526,2022-01-20 11:51:18,upfront_national,supermercado
710,Twiyo,transaction,24817,2021-11-03 15:01:05,upfront_national,transporte
711,Zoombeat,transaction,16499,2021-12-12 04:30:17,upfront_international,educação
712,Browsebug,transaction,-203,2019-01-17 05:59:09,upfront_national,casa
713,Eimbee,transaction,42053,2020-04-14 08:32:46,upfront_international,viagem
714,Divape,transaction,30338,2020-06-24 12:37:10,upfront_national,alimentação
715,Agimba,transaction,26636,2020-03-02 17:48:59,upfront_national,casa
716,Quinu,transaction,23386,2019-01-01 02:20:42,upfront_national,transporte
717,Lazzy,transaction,6604,2020-04-14 18:16:42,upfront_international,educação
718,Linkbuzz,transaction,28256,2021-08-31 01:58:47,upfront_international,viagem
719,Demivee,transaction,37444,2021-12-29 11:18:26,upfront_national,educação
720,Photobug,transaction,464,2019-12-11 15:23:00,upfront_international,educação
721,Edgepulse,transaction,29884,2019-01-14 05:25:52,upfront_national,vestuario
722,Jabberbean,transaction,23902,2018-05-01 14:41:56,upfront_national,transporte
723,Wikibox,transaction,24221,2020-07-25 12:20:58,upfront_international,transporte
724,Oyoyo,transaction,17281,2021-10-08 23:21:14,upfront_international,supermercado
725,Fatz,transaction,33347,2018-02-26 23:40:41,upfront_national,outros
726,Browsedrive,transaction,53037,2022-01-21 15:29:16,upfront_national,vestuario
727,Geba,transaction,28199,2020-08-18 19:51:59,upfront_international,educação
728,Trilith,transaction,39663,2021-10-09 22:14:02,upfront_national,casa
729,Tagpad,transaction,-3869,2020-12-04 00:05:26,upfront_international,viagem
730,Agimba,transaction,15575,2019-04-28 19:56:08,upfront_national,vestuario
731,Divape,transaction,19346,2019-08-12 16:54:11,upfront_international,saúde
732,Rhynyx,transaction,42247,2019-06-29 04:25:21,upfront_international,lazer
733,Midel,transaction,14897,2020-10-12 11:03:32,upfront_national,lazer
734,Dabtype,transaction,-9462,2020-07-23 15:24:31,upfront_national,lazer
735,Skimia,transaction,52885,2019-11-26 02:36:37,upfront_international,transporte
736,Quimm,transaction,21908,2018-08-31 07:13:24,upfront_national,vestuario
737,Wordware,transaction,27115,2020-12-18 20:46:22,upfront_national,alimentação
738,Innotype,transaction,36144,2019-08-14 20:10:30,upfront_international,saúde
739,Yodoo,transaction,9873,2018-04-28 15:54:56,upfront_national,transporte
740,Thoughtsphere,transaction,3922,2021-05-20 11:01:16,upfront_international,supermercado
741,Browsezoom,transaction,17611,2019-07-02 22:04:15,upfront_international,supermercado
742,Oozz,transaction,743,2019-03-03 02:19:26,upfront_international,casa
743,Skibox,transaction,33832,2018-01-19 09:12:14,upfront_international,outros
744,Thoughtbeat,transaction,49507,2018-08-11 09:18:06,upfront_national,vestuario
745,Wordify,transaction,6272,2021-08-21 03:57:30,upfront_international,casa
746,Riffpedia,transaction,32882,2021-06-30 14:32:55,upfront_national,casa
747,Rhyzio,transaction,20303,2021-08-10 13:00:06,upfront_international,supermercado
748,Ooba,transaction,27270,2018-04-11 15:17:14,upfront_national,educação
749,Eayo,transaction,44519,2020-03-12 07:08:30,upfront_national,alimentação
750,Yabox,transaction,38037,2019-08-12 19:20:13,upfront_national,viagem
751,Fatz,transaction,38487,2019-06-16 22:06:23,upfront_international,educação
752,Dynazzy,transaction,45142,2018-07-02 13:24:02,upfront_national,viagem
753,Tagtune,transaction,31474,2018-01-15 09:39:10,upfront_international,transporte
754,Katz,transaction,38279,2020-02-14 23:03:57,upfront_national,lazer
755,Bluezoom,transaction,13657,2021-12-18 23:06:35,upfront_national,outros
756,InnoZ,transaction,-5572,2018-05-07 20:42:02,upfront_international,vestuario
757,Babbleset,transaction,-204,2019-03-28 11:26:45,upfront_national,saúde
758,Jaxnation,transaction,40154,2019-11-13 03:35:20,upfront_international,lazer
759,Jaxnation,transaction,24319,2019-09-21 01:37:36,upfront_national,viagem
760,Voolith,transaction,17624,2021-04-07 01:41:06,upfront_international,outros
761,Tagpad,transaction,41170,2018-10-04 14:54:37,upfront_international,vestuario
762,Tavu,transaction,6658,2021-10-20 15:06:21,upfront_national,casa
763,Buzzdog,transaction,27285,2019-07-01 02:15:19,upfront_international,alimentação
764,Roombo,transaction,50422,2021-12-10 11:15:07,upfront_international,supermercado
765,Buzzdog,transaction,-15233,2021-03-04 14:16:27,upfront_national,educação
766,Trilia,transaction,14233,2020-10-03 10:44:26,upfront_international,casa
767,Skimia,transaction,30562,2019-11-25 09:18:35,upfront_international,alimentação
768,Devify,transaction,22295,2019-02-06 00:53:28,upfront_international,supermercado
769,Trupe,transaction,4468,2021-09-04 11:42:26,upfront_international,transporte
770,Yadel,transaction,25833,2018-08-31 00:26:15,upfront_national,educação
771,Photobug,transaction,7736,2018-09-02 21:54:07,upfront_national,alimentação
772,Oloo,transaction,-18071,2019-05-23 11:16:28,upfront_national,vestuario
773,Minyx,transaction,34184,2018-04-09 13:23:01,upfront_national,educação
774,Dabshots,transaction,-16345,2021-05-16 05:26:17,upfront_international,saúde
775,Yakitri,transaction,23760,2018-01-28 08:52:25,upfront_national,supermercado
776,Blogtag,transaction,26829,2021-10-24 02:26:47,upfront_national,educação
777,Riffpath,transaction,13065,2018-07-23 06:36:57,upfront_national,vestuario
778,Zooxo,transaction,14980,2018-09-15 01:08:58,upfront_national,viagem
779,Youopia,transaction,17580,2021-09-05 19:01:22,upfront_international,vestuario
780,Gevee,transaction,25314,2021-03-16 23:44:38,upfront_international,transporte
781,Jabbersphere,transaction,15008,2020-01-02 06:30:20,upfront_national,casa
782,Blognation,transaction,34454,2018-04-16 02:02:55,upfront_international,vestuario
783,Linklinks,transaction,25961,2019-10-22 18:54:05,upfront_national,transporte
784,Feedbug,transaction,1636,2019-09-03 10:25:17,upfront_national,outros
785,Feedspan,transaction,14235,2019-10-25 11:25:14,upfront_national,transporte
786,Skibox,transaction,17197,2019-01-12 00:41:17,upfront_national,viagem
787,Eamia,transaction,5162,2018-07-03 17:29:11,upfront_international,vestuario
788,Katz,transaction,4744,2019-01-20 06:32:06,upfront_national,casa
789,Eabox,transaction,-19662,2020-08-15 12:43:49,upfront_international,educação
790,Aibox,transaction,29814,2020-02-16 03:34:34,upfront_international,lazer
791,Skivee,transaction,20788,2021-12-20 05:37:32,upfront_national,lazer
792,Brainbox,transaction,20803,2018-02-02 03:46:52,upfront_international,vestuario
793,Eidel,transaction,8503,2018-07-12 20:33:05,upfront_international,saúde
794,Feedfish,transaction,24296,2018-03-02 14:09:16,upfront_national,lazer
795,Fivespan,transaction,25864,2018-09-11 20:41:02,upfront_international,viagem
796,Dazzlesphere,transaction,33376,2020-03-08 04:16:37,upfront_national,casa
797,Youfeed,transaction,48510,2020-05-26 07:21:46,upfront_international,saúde
798,Abata,transaction,30354,2018-05-27 22:40:26,upfront_national,transporte
799,Quatz,transaction,21749,2019-01-22 03:56:16,upfront_national,outros
800,Lajo,transaction,24382,2018-07-23 13:35:52,upfront_international,supermercado
801,Skyndu,transaction,21243,2022-01-23 21:03:08,upfront_international,transporte
802,Brightdog,transaction,14339,2018-11-04 05:51:06,upfront_national,casa
803,Janyx,transaction,9384,2019-05-02 03:51:06,upfront_national,viagem
804,Agivu,transaction,12727,2018-06-22 04:29:29,upfront_national,educação
805,Aimbo,transaction,32002,2019-10-13 21:54:07,upfront_national,saúde
806,Trunyx,transaction,18398,2021-12-11 07:04:20,upfront_international,supermercado
807,Thoughtbridge,transaction,38245,2018-03-27 07:11:10,upfront_national,supermercado
808,Oyoyo,transaction,19603,2020-06-10 05:17:45,upfront_national,transporte
809,Shufflebeat,transaction,29573,2021-12-28 16:20:56,upfront_international,vestuario
810,Cogibox,transaction,40278,2020-02-19 19:51:48,upfront_national,educação
811,Eare,transaction,41592,2019-01-01 01:31:08,upfront_national,supermercado
812,Cogidoo,transaction,28467,2019-02-22 12:30:53,upfront_international,lazer
813,Rhyloo,transaction,13777,2021-02-28 05:58:56,upfront_national,lazer
814,Feedmix,transaction,11638,2019-06-20 19:44:01,upfront_national,supermercado
815,Meedoo,transaction,-8337,2021-03-04 00:58:39,upfront_international,outros
816,Twiyo,transaction,15477,2022-01-10 03:50:20,upfront_national,transporte
817,Zoomzone,transaction,27916,2019-10-07 01:46:53,upfront_international,lazer
818,Jayo,transaction,26609,2019-09-15 08:30:28,upfront_national,supermercado
819,Innojam,transaction,6901,2019-03-13 12:00:12,upfront_national,lazer
820,Tavu,transaction,46253,2022-01-16 10:57:22,upfront_national,vestuario
821,Topicstorm,transaction,26994,2019-03-23 02:10:30,upfront_international,transporte
822,Babbleset,transaction,64074,2021-03-18 22:33:02,upfront_national,alimentação
823,Yakidoo,transaction,5290,2020-09-03 14:08:08,upfront_national,supermercado
824,Babbleblab,transaction,11807,2019-08-11 20:53:26,upfront_national,saúde
825,Mybuzz,transaction,41923,2019-03-31 02:56:51,upfront_international,casa
826,Fivechat,transaction,35087,2019-12-05 12:10:22,upfront_national,educação
827,Blognation,transaction,26869,2021-07-07 04:49:49,upfront_international,outros
828,Chatterbridge,transaction,24345,2021-05-03 15:28:30,upfront_national,saúde
829,Mydo,transaction,33088,2021-07-17 10:26:54,upfront_national,vestuario
830,Twitterwire,transaction,2031,2018-12-12 15:10:23,upfront_national,outros
831,Meejo,transaction,6405,2018-07-27 09:53:53,upfront_international,supermercado
832,Tazzy,transaction,18994,2021-12-09 20:59:59,upfront_international,alimentação
833,Cogibox,transaction,33180,2018-08-04 05:52:19,upfront_international,educação
834,Centimia,transaction,24324,2021-12-18 14:40:30,upfront_national,outros
835,Quire,transaction,2508,2018-05-28 14:22:30,upfront_national,transporte
836,Feedmix,transaction,23899,2020-04-08 03:14:36,upfront_national,casa
837,Browsecat,transaction,-32085,2018-06-09 12:38:51,upfront_national,saúde
838,Oyonder,transaction,12326,2021-01-06 10:20:45,upfront_national,educação
839,Zoomdog,transaction,17927,2020-06-16 23:19:28,upfront_international,lazer
840,Dabtype,transaction,32367,2022-01-21 20:26:03,upfront_international,viagem
841,Photobean,transaction,10576,2018-11-11 21:16:28,upfront_international,educação
842,Quamba,transaction,3091,2021-02-05 10:48:13,upfront_national,educação
843,Trupe,transaction,3208,2019-04-18 07:56:09,upfront_national,educação
844,Twitterbeat,transaction,38029,2019-04-27 03:33:25,upfront_international,educação
845,Camido,transaction,29473,2021-02-27 21:23:10,upfront_national,alimentação
846,Feednation,transaction,31411,2021-02-06 13:01:00,upfront_national,transporte
847,Quaxo,transaction,11369,2020-09-05 23:49:39,upfront_international,saúde
848,Topicblab,transaction,23376,2022-01-13 09:59:10,upfront_national,viagem
849,Voonte,transaction,34999,2021-08-03 19:53:37,upfront_national,alimentação
850,Photolist,transaction,-853,2018-06-06 10:42:12,upfront_national,outros
851,Quinu,transaction,8050,2018-04-02 02:02:05,upfront_national,supermercado
852,Photojam,transaction,35228,2018-08-27 11:45:42,upfront_international,alimentação
853,Meemm,transaction,-13829,2021-08-16 20:08:54,upfront_international,transporte
854,Pixope,transaction,6458,2018-08-27 21:46:29,upfront_national,educação
855,Yotz,transaction,10443,2018-05-22 20:08:51,upfront_national,lazer
856,Fatz,transaction,870,2019-06-26 21:48:38,upfront_national,alimentação
857,Kayveo,transaction,24307,2018-09-10 05:37:55,upfront_national,lazer
858,Ntag,transaction,27119,2018-04-08 10:20:29,upfront_national,casa
859,Zoonoodle,transaction,6804,2018-07-28 19:37:31,upfront_international,alimentação
860,Twitterwire,transaction,32653,2019-05-07 14:56:53,upfront_national,viagem
861,Twitterworks,transaction,29001,2021-11-24 09:08:50,upfront_international,viagem
862,Oba,transaction,7710,2021-03-14 13:45:51,upfront_international,educação
863,Kamba,transaction,7537,2018-08-11 22:48:32,upfront_international,casa
864,Zooxo,transaction,3914,2021-05-02 17:32:18,upfront_national,alimentação
865,Shufflester,transaction,27133,2018-10-10 02:47:11,upfront_national,educação
866,Voomm,transaction,25965,2020-08-21 05:25:49,upfront_international,saúde
867,Jabbercube,transaction,14203,2018-05-14 03:28:21,upfront_national,viagem
868,Skippad,transaction,-18068,2018-09-23 15:09:51,upfront_national,viagem
869,Kaymbo,transaction,28072,2021-11-08 14:32:54,upfront_international,lazer
870,Twimm,transaction,9430,2019-01-12 16:45:35,upfront_international,casa
871,Pixope,transaction,14629,2020-07-14 13:41:13,upfront_national,vestuario
872,Devify,transaction,45446,2021-04-11 17:36:09,upfront_national,supermercado
873,Browsetype,transaction,-18848,2020-12-09 21:23:38,upfront_national,alimentação
874,Edgeblab,transaction,32971,2021-04-02 00:46:02,upfront_national,lazer
875,Meeveo,transaction,24454,2019-07-21 23:42:55,upfront_international,alimentação
876,Talane,transaction,22066,2018-03-16 15:18:52,upfront_national,viagem
877,Janyx,transaction,23967,2018-06-11 10:18:15,upfront_international,casa
878,Ozu,transaction,20853,2019-01-16 09:37:04,upfront_national,vestuario
879,Skibox,transaction,20861,2021-02-03 09:26:04,upfront_national,alimentação
880,Demivee,transaction,18167,2021-01-21 11:08:52,upfront_international,alimentação
881,Twitterlist,transaction,12362,2021-10-18 19:20:40,upfront_national,supermercado
882,Kazio,transaction,44894,2018-02-19 05:01:19,upfront_international,casa
883,Camido,transaction,15205,2018-08-09 19:43:01,upfront_national,viagem
884,Mudo,transaction,4553,2019-05-14 12:57:39,upfront_national,transporte
885,Skyndu,transaction,30461,2020-02-29 13:44:24,upfront_national,educação
886,Youbridge,transaction,-1841,2022-01-21 20:19:57,upfront_national,supermercado
887,Shufflebeat,transaction,14610,2019-08-21 02:36:48,upfront_international,vestuario
888,Eazzy,transaction,23388,2020-12-10 10:24:39,upfront_international,viagem
889,Jabbercube,transaction,31738,2021-03-27 21:59:44,upfront_national,alimentação
890,Jabbersphere,transaction,-1349,2021-06-11 19:11:10,upfront_international,transporte
891,Chatterbridge,transaction,14914,2021-09-26 17:35:49,upfront_national,outros
892,Zoombox,transaction,28789,2019-03-25 22:01:36,upfront_international,lazer
893,Wordtune,transaction,19910,2020-10-01 16:28:31,upfront_international,saúde
894,Skinder,transaction,20178,2021-02-24 07:49:38,upfront_national,supermercado
895,Meevee,transaction,12861,2020-12-20 23:41:51,upfront_international,vestuario
896,Skalith,transaction,18040,2020-01-08 07:31:09,upfront_national,supermercado
897,Centizu,transaction,25751,2019-07-01 07:28:32,upfront_international,outros
898,Youbridge,transaction,32384,2018-05-15 06:50:53,upfront_national,outros
899,Feedfish,transaction,33018,2021-02-17 22:54:56,upfront_national,viagem
900,Babbleblab,transaction,12189,2019-12-31 17:53:45,upfront_international,outros
901,Eayo,transaction,32533,2019-03-15 13:48:20,upfront_international,supermercado
902,Buzzster,transaction,16047,2021-11-19 07:21:17,upfront_international,casa
903,Twitternation,transaction,22984,2021-04-28 19:02:37,upfront_national,alimentação
904,Ooba,transaction,26406,2019-09-23 17:46:52,upfront_national,transporte
905,Kamba,transaction,17226,2019-03-11 16:29:12,upfront_international,vestuario
906,Myworks,transaction,17738,2020-03-12 21:07:45,upfront_international,viagem
907,Voomm,transaction,35455,2020-07-26 00:05:21,upfront_international,lazer
908,Cogibox,transaction,4157,2018-06-26 17:19:44,upfront_national,vestuario
909,Einti,transaction,20731,2018-04-03 11:26:47,upfront_international,educação
910,Yodoo,transaction,28874,2019-01-21 04:12:04,upfront_international,supermercado
911,Ailane,transaction,14161,2018-11-12 07:38:22,upfront_international,vestuario
912,Trudeo,transaction,5347,2021-04-30 08:13:35,upfront_international,casa
913,Jazzy,transaction,17685,2021-04-21 18:56:41,upfront_national,educação
914,Twitterwire,transaction,17959,2019-01-24 10:42:42,upfront_international,alimentação
915,Fadeo,transaction,2115,2021-05-21 14:15:36,upfront_international,transporte
916,Kazio,transaction,17515,2020-06-08 00:50:26,upfront_international,transporte
917,Ntag,transaction,42508,2021-02-28 20:25:34,upfront_international,outros
918,Lazz,transaction,21080,2021-05-03 19:29:01,upfront_international,casa
919,Gevee,transaction,42091,2018-07-01 14:19:29,upfront_international,viagem
920,Skinix,transaction,7652,2018-06-10 02:36:19,upfront_national,lazer
921,Kwilith,transaction,18042,2018-06-23 20:12:06,upfront_national,outros
922,Yamia,transaction,12307,2019-02-27 07:46:29,upfront_international,lazer
923,Divape,transaction,4338,2018-01-13 06:50:51,upfront_international,alimentação
924,Twitterwire,transaction,13748,2021-11-24 11:24:25,upfront_national,alimentação
925,Realcube,transaction,32009,2018-12-11 07:11:27,upfront_international,viagem
926,Thoughtblab,transaction,18102,2020-10-20 22:50:22,upfront_international,educação
927,Skiba,transaction,13455,2020-05-30 11:51:39,upfront_national,lazer
928,Kazio,transaction,9531,2022-01-06 05:44:03,upfront_national,lazer
929,Riffpedia,transaction,47432,2020-09-07 10:05:58,upfront_national,transporte
930,Pixoboo,transaction,33728,2020-01-10 08:44:08,upfront_national,outros
931,Zoonder,transaction,7448,2020-07-03 15:34:36,upfront_national,viagem
932,Realcube,transaction,17404,2019-02-03 11:27:08,upfront_international,educação
933,Jayo,transaction,29545,2018-11-13 06:23:53,upfront_national,casa
934,Edgeblab,transaction,13251,2018-01-08 06:51:10,upfront_national,lazer
935,Talane,transaction,7166,2019-05-21 20:00:06,upfront_international,outros
936,Devpulse,transaction,19525,2018-10-01 03:28:13,upfront_national,saúde
937,Zooveo,transaction,35146,2019-03-28 07:48:22,upfront_international,viagem
938,Blogtag,transaction,9029,2018-04-20 16:32:39,upfront_national,outros
939,Gigazoom,transaction,4991,2018-12-25 14:10:21,upfront_international,transporte
940,Twimbo,transaction,27011,2018-03-07 15:25:39,upfront_international,outros
941,Oyope,transaction,19615,2018-08-01 01:35:38,upfront_international,supermercado
942,Kwilith,transaction,20516,2021-12-05 03:52:03,upfront_national,transporte
943,Oyonder,transaction,7650,2018-07-10 14:29:58,upfront_international,saúde
944,Dabshots,transaction,32953,2019-06-05 01:49:53,upfront_national,casa
945,Eare,transaction,35647,2020-03-19 15:46:23,upfront_national,educação
946,Riffpedia,transaction,44614,2021-03-21 11:35:16,upfront_international,educação
947,Twitterworks,transaction,2839,2018-02-15 12:16:59,upfront_international,viagem
948,Kamba,transaction,45696,2021-05-13 19:52:25,upfront_national,viagem
949,Pixoboo,transaction,24045,2018-09-08 22:16:27,upfront_national,viagem
950,Fanoodle,transaction,11630,2020-04-18 04:02:22,upfront_national,transporte
951,Zoomlounge,transaction,-4133,2020-05-20 08:30:46,upfront_national,lazer
952,Yadel,transaction,3653,2018-02-04 19:45:34,upfront_international,outros
953,Chatterbridge,transaction,11246,2018-03-16 16:53:05,upfront_international,lazer
954,Livetube,transaction,8200,2018-06-11 05:11:10,upfront_international,lazer
955,Realpoint,transaction,34983,2018-05-22 02:11:46,upfront_national,viagem
956,Wikido,transaction,39920,2018-12-23 09:12:56,upfront_national,casa
957,Demizz,transaction,15852,2020-02-06 08:22:37,upfront_national,transporte
958,Thoughtsphere,transaction,20168,2021-03-12 12:31:36,upfront_national,saúde
959,Youfeed,transaction,14014,2020-12-18 11:37:16,upfront_international,casa
960,Roomm,transaction,16515,2018-03-25 17:28:20,upfront_international,lazer
961,Gigaclub,transaction,27866,2021-09-19 02:58:03,upfront_international,alimentação
962,Mycat,transaction,-3461,2020-03-11 01:50:07,upfront_national,alimentação
963,Skippad,transaction,6616,2018-05-04 10:18:48,upfront_national,casa
964,Bubblebox,transaction,17854,2020-06-28 22:49:32,upfront_international,lazer
965,Flipbug,transaction,18334,2019-08-05 00:59:31,upfront_national,saúde
966,Linklinks,transaction,33904,2021-05-11 21:28:31,upfront_international,educação
967,Fanoodle,transaction,24353,2020-02-17 20:45:08,upfront_international,outros
968,Skyvu,transaction,4187,2021-07-19 05:21:50,upfront_national,outros
969,Zooxo,transaction,24007,2018-01-08 02:03:56,upfront_international,educação
970,Fadeo,transaction,22218,2021-03-22 08:33:53,upfront_international,alimentação
971,Oloo,transaction,32843,2019-08-24 02:07:05,upfront_international,vestuario
972,Gabtype,transaction,8862,2021-09-29 11:48:35,upfront_national,vestuario
973,Tanoodle,transaction,15217,2018-07-05 07:58:56,upfront_international,alimentação
974,Fanoodle,transaction,18369,2019-06-01 22:08:42,upfront_international,viagem
975,Thoughtbeat,transaction,-9404,2018-05-31 16:33:06,upfront_international,saúde
976,Dabshots,transaction,-5997,2020-12-01 17:03:45,upfront_national,lazer
977,Quire,transaction,5539,2019-11-15 17:30:31,upfront_national,lazer
978,Blogspan,transaction,16366,2019-05-03 12:36:05,upfront_international,alimentação
979,Roodel,transaction,26779,2021-03-17 18:36:34,upfront_national,transporte
980,Wordify,transaction,24408,2018-01-24 06:40:02,upfront_international,transporte
981,Rhyloo,transaction,-8399,2020-05-24 01:40:19,upfront_national,alimentação
982,Brainverse,transaction,16454,2019-04-09 04:34:09,upfront_international,transporte
983,Flashspan,transaction,24174,2018-12-29 23:06:30,upfront_international,casa
984,Aibox,transaction,-8075,2019-06-30 14:03:17,upfront_international,transporte
985,Layo,transaction,8019,2019-11-29 00:28:16,upfront_international,supermercado
986,Vitz,transaction,31858,2021-04-21 01:49:36,upfront_international,vestuario
987,Avavee,transaction,14978,2020-02-13 22:48:49,upfront_international,lazer
988,Skyba,transaction,15588,2021-09-05 07:44:33,upfront_national,outros
989,Eimbee,transaction,-10503,2019-09-15 04:47:07,upfront_national,casa
990,Devpulse,transaction,19729,2018-05-11 08:00:57,upfront_international,vestuario
991,Riffwire,transaction,22080,2019-11-03 04:46:13,upfront_national,transporte
992,Mynte,transaction,32582,2021-06-15 08:51:59,upfront_international,saúde
993,Aimbo,transaction,8191,2021-03-11 07:33:52,upfront_national,lazer
994,Meemm,transaction,-14244,2018-06-28 05:55:01,upfront_national,educação
995,Realbuzz,transaction,4067,2020-03-04 06:08:24,upfront_international,lazer
996,Kwideo,transaction,45260,2021-01-23 20:38:41,upfront_national,supermercado
997,Eimbee,transaction,33193,2021-05-20 09:27:14,upfront_national,vestuario
998,Mymm,transaction,-6955,2021-01-12 01:30:25,upfront_national,lazer
999,Omba,transaction,11619,2020-06-28 06:07:31,upfront_national,alimentação
1000,Oozz,transaction,31529,2018-01-19 22:40:20,upfront_international,outros
